First win,Первая победа,Разгадайте первую ежедневную головоломку.,ru
Week streak,Недельная серия,Держите серию решений 7 дней подряд.,ru
Month streak,Месячная серия,Держите серию решений 30 дней подряд.,ru
Hole in one,С первой попытки,Разгадайте головоломку с первой попытки.,ru
Centurion,Центурион,Выиграйте 100 ежедневных головоломок.,ru
First win,Birinchi g'alaba,Birinchi kunlik topishmoqni yeching.,uz
Week streak,Haftalik seriya,7 kun ketma-ket seriyani saqlang.,uz
Month streak,Oylik seriya,30 kun ketma-ket seriyani saqlang.,uz
Hole in one,Birinchi urinishda,Topishmoqni birinchi urinishda yeching.,uz
Centurion,Senturion,100 ta kunlik topishmoqni yuting.,uz
